{"scope.version":"2","timeline.animationMode":"quickMode","viewport.width":1440,"viewport.height":530,"design.scrollleft":1214,"design.scrolltop":759,"library.openDirectories":[],"library.GroupsPath":{},"library.downloadedAssets":{},"tool.text.optionsState":{"fontName":"Times New Roman","fontSize":"48px","fontWeight":"normal","fontStyle":"normal","alignLeft":true,"alignCenter":false,"alignRight":false,"alignJustify":false,"verticalAlignCenter":false,"foreColor":"rgb(255, 255, 255)","tagName":"span","orderedList":false,"unorderedList":false},"design.userpaddingleft":-1440,"design.userpaddingtop":-530,"design.zoom":1}